id,useName,age,createAt
100,豆比1,1,2020-02-13
101,豆比2,2,2020-02-14
102,豆比3,3,2020-02-15
103,豆比4,4,2020-02-16
104,豆比5,5,2020-02-17
105,豆比6,6,2020-02-18
106,豆比7,7,2020-02-19
107,豆比8,8,2020-02-20
108,豆比9,9,2020-02-21
109,豆比10,10,2020-02-22
110,豆比11,11,2020-02-23
111,豆比12,12,2020-02-24
112,豆比13,13,2020-02-25
113,豆比14,14,2020-02-26
114,豆比15,15,2020-02-27
115,豆比16,16,2020-02-28
116,豆比17,17,2020-02-29
117,豆比18,18,2020-03-01
118,豆比19,19,2020-03-02
119,豆比20,20,2020-03-03
120,豆比21,21,2020-03-04
121,豆比22,22,2020-03-05
122,豆比23,23,2020-03-06
123,豆比24,24,2020-03-07
124,豆比25,25,2020-03-08
125,豆比26,26,2020-03-09
126,豆比27,27,2020-03-10
127,豆比28,28,2020-03-11
128,豆比29,29,2020-03-12
129,豆比30,30,2020-03-13
130,豆比31,31,2020-03-14
131,豆比32,32,2020-03-15
132,豆比33,33,2020-03-16
133,豆比34,34,2020-03-17
134,豆比35,35,2020-03-18
135,豆比36,36,2020-03-19
136,豆比37,37,2020-03-20
137,豆比38,38,2020-03-21
138,豆比39,39,2020-03-22
139,豆比40,40,2020-03-23
